# Designed by Tomer Altman. Licensed as Creative Commons Attribution 4.0 International (CC BY 4.0) https://creativecommons.org/licenses/by/4.0/,,,,,,,,,,,,,,,,,,,,,
ID,FWD Primer,REV Primer,Probe,# oligo FP,# amplicon-only FP hits,# hits,# TP,# FP,# FN,Precision,Recall,F1 Score,Avg mismatches,Avg extra amplicons,Avg extra probe hybs,Pair Penalty,FWD Penalty,REV Penalty,Probe Penalty,FP IDs,FN IDs
NC_045512.2:15882-17000~strand+~primerset-14,CCCAGATCCATCAAGAATCCTA,TGATTAGGATGTTTAGTAAGTGGGT,TGGTACACTTATGATTGAACGGTT,464,0,41,41,0,5,1,0.891304,0.942529,0,0,0,5.337066,4.557167,0.7799,4.139416,,"MN908947.3,MT020880.1,MT020881.1,MN988669.1,MT027063.1"
NC_045512.2:15882-17000~strand+~primerset-15,CCCAGATCCATCAAGAATCCTA,CTGATTAGGATGTTTAGTAAGTGGGT,TGGTACACTTATGATTGAACGGTT,464,0,41,41,0,5,1,0.891304,0.942529,0,0,0,5.706286,4.557167,1.14912,4.139416,,"MN908947.3,MT020880.1,MT020881.1,MN988669.1,MT027063.1"
NC_045512.2:15608-15861~strand+~primerset-10,TGACGATGCTGTTGTGTGTTTC,TTTAGTAAGGTCAGTCTCAGTCCA,TGCATCTCAAGGTCTAGTGGC,259,0,41,41,0,5,1,0.891304,0.942529,0,0,0,5.925665,4.601956,1.323709,2.463186,,"MN908947.3,MT020880.1,MT020881.1,MN988669.1,MT027063.1"
NC_045512.2:15882-17000~strand+~primerset-17,CCCAGATCCATCAAGAATCCT,TGATTAGGATGTTTAGTAAGTGGGT,TGGTACACTTATGATTGAACGGTT,478,0,41,41,0,5,1,0.891304,0.942529,0,0,0,6.24545,5.465551,0.7799,4.139416,,"MN908947.3,MT020880.1,MT020881.1,MN988669.1,MT027063.1"
NC_045512.2:15608-15861~strand+~primerset-18,TGACGATGCTGTTGTGTGTT,TTTAGTAAGGTCAGTCTCAGTCCA,TGCATCTCAAGGTCTAGTGGC,322,13,41,41,0,5,1,0.891304,0.942529,0,0,0,6.350991,5.027282,1.323709,2.463186,,"MN908947.3,MT020880.1,MT020881.1,MN988669.1,MT027063.1"
NC_045512.2:15882-17000~strand+~primerset-19,CCCAGATCCATCAAGAATCCTA,TGATTAGGATGTTTAGTAAGTGGGTA,TGGTACACTTATGATTGAACGGTT,464,0,41,41,0,5,1,0.891304,0.942529,0,0,0,6.440853,4.557167,1.883686,4.139416,,"MN908947.3,MT020880.1,MT020881.1,MN988669.1,MT027063.1"
NC_045512.2:15325-15597~strand+~primerset-0,TGCTCGCAAACATACAAC,CCACCTGGTTTAACATATAGTGAA,TGTTGTAGCTTGTCACACCG,339,1,41,41,0,5,1,0.891304,0.942529,0,0,0,14.589369,11.710856,2.878512,0.04502,,"MN908947.3,MT020880.1,MT020881.1,MN988669.1,MT027063.1"
NC_045512.2:15325-15597~strand+~primerset-1,CCTCACTTGTTCTTGCTCG,TGACCATTTCACTCAATACTTG,TGTTGTAGCTTGTCACACCG,547,216,41,41,0,5,1,0.891304,0.942529,0,0,0,15.088317,8.135108,6.953209,0.04502,,"MN908947.3,MT020880.1,MT020881.1,MN988669.1,MT027063.1"
NC_045512.2:15325-15597~strand+~primerset-2,TGCTCGCAAACATACAAC,CACCTGGTTTAACATATAGTGAA,TGTTGTAGCTTGTCACACCG,341,1,41,41,0,5,1,0.891304,0.942529,0,0,0,17.928602,11.710856,6.217746,0.04502,,"MN908947.3,MT020880.1,MT020881.1,MN988669.1,MT027063.1"
NC_045512.2:15325-15597~strand+~primerset-3,TGCTCGCAAACATACAAC,TGACCATTTCACTCAATACTTG,TGTTGTAGCTTGTCACACCG,346,1,41,41,0,5,1,0.891304,0.942529,0,0,0,18.664065,11.710856,6.953209,0.04502,,"MN908947.3,MT020880.1,MT020881.1,MN988669.1,MT027063.1"
NC_045512.2:15608-15861~strand+~primerset-0,CGATGCTGTTGTGTGTTTCAAT,TTTAGTAAGGTCAGTCTCAGTCCA,TGCATCTCAAGGTCTAGTGGC,258,0,42,41,1,5,0.97619,0.891304,0.931818,0,0,0,4.324505,3.000796,1.323709,2.463186,MN996532.1,"MN908947.3,MT020880.1,MT020881.1,MN988669.1,MT027063.1"
NC_045512.2:15608-15861~strand+~primerset-1,AATGATGATACTCTCTGACGATGC,TTTAGTAAGGTCAGTCTCAGTCC,TGCATCTCAAGGTCTAGTGGC,274,14,42,41,1,5,0.97619,0.891304,0.931818,0,0,0,4.495894,1.200014,3.29588,2.463186,MN996532.1,"MN908947.3,MT020880.1,MT020881.1,MN988669.1,MT027063.1"
NC_045512.2:15608-15861~strand+~primerset-2,CAATGATGATACTCTCTGACGATGC,TTTAGTAAGGTCAGTCTCAGTCC,TGCATCTCAAGGTCTAGTGGC,272,14,42,41,1,5,0.97619,0.891304,0.931818,0,0,0,4.607591,1.311712,3.29588,2.463186,MN996532.1,"MN908947.3,MT020880.1,MT020881.1,MN988669.1,MT027063.1"
NC_045512.2:15608-15861~strand+~primerset-3,ACGATGCTGTTGTGTGTTTCAAT,TTTAGTAAGGTCAGTCTCAGTCCA,TGCATCTCAAGGTCTAGTGGC,260,0,42,41,1,5,0.97619,0.891304,0.931818,0,0,0,4.923269,3.599561,1.323709,2.463186,MN996532.1,"MN908947.3,MT020880.1,MT020881.1,MN988669.1,MT027063.1"
NC_045512.2:15608-15861~strand+~primerset-4,CGATGCTGTTGTGTGTTTCAAT,TTAGTAAGGTCAGTCTCAGTCCA,TGCATCTCAAGGTCTAGTGGC,258,0,42,41,1,5,0.97619,0.891304,0.931818,0,0,0,5.285796,3.000796,2.285,2.463186,MN996532.1,"MN908947.3,MT020880.1,MT020881.1,MN988669.1,MT027063.1"
NC_045512.2:15608-15861~strand+~primerset-5,CGATGCTGTTGTGTGTTTCAAT,GTCAGTCTCAGTCCAACATTTTG,TGCATCTCAAGGTCTAGTGGC,272,0,42,41,1,5,0.97619,0.891304,0.931818,0,0,0,5.45478,3.000796,2.453984,2.463186,MN996532.1,"MN908947.3,MT020880.1,MT020881.1,MN988669.1,MT027063.1"
NC_045512.2:15608-15861~strand+~primerset-6,ATGATGATACTCTCTGACGATGC,TTTAGTAAGGTCAGTCTCAGTCC,TGCATCTCAAGGTCTAGTGGC,296,14,42,41,1,5,0.97619,0.891304,0.931818,0,0,0,5.692838,2.396959,3.29588,2.463186,MN996532.1,"MN908947.3,MT020880.1,MT020881.1,MN988669.1,MT027063.1"
NC_045512.2:15608-15861~strand+~primerset-7,CGATGCTGTTGTGTGTTTCAAT,GGTCAGTCTCAGTCCAACATTTTG,TGCATCTCAAGGTCTAGTGGC,271,0,42,41,1,5,0.97619,0.891304,0.931818,0,0,0,5.69371,3.000796,2.692914,2.463186,MN996532.1,"MN908947.3,MT020880.1,MT020881.1,MN988669.1,MT027063.1"
NC_045512.2:15608-15861~strand+~primerset-8,ACGATGCTGTTGTGTGTTTCAAT,TTAGTAAGGTCAGTCTCAGTCCA,TGCATCTCAAGGTCTAGTGGC,260,0,42,41,1,5,0.97619,0.891304,0.931818,0,0,0,5.884561,3.599561,2.285,2.463186,MN996532.1,"MN908947.3,MT020880.1,MT020881.1,MN988669.1,MT027063.1"
NC_045512.2:15608-15861~strand+~primerset-9,CGATGCTGTTGTGTGTTTCAAT,AGGTCAGTCTCAGTCCAACATTTTG,TGCATCTCAAGGTCTAGTGGC,267,0,42,41,1,5,0.97619,0.891304,0.931818,0,0,0,5.909695,3.000796,2.908899,2.463186,MN996532.1,"MN908947.3,MT020880.1,MT020881.1,MN988669.1,MT027063.1"
NC_045512.2:15608-15861~strand+~primerset-11,TCAATGATGATACTCTCTGACGATGC,GTCAGTCTCAGTCCAACATTTTG,TGCATCTCAAGGTCTAGTGGC,270,0,42,41,1,5,0.97619,0.891304,0.931818,0,0,0,5.930026,3.476042,2.453984,2.463186,MN996532.1,"MN908947.3,MT020880.1,MT020881.1,MN988669.1,MT027063.1"
NC_045512.2:15608-15861~strand+~primerset-12,ACGATGCTGTTGTGTGTTTCA,TTTAGTAAGGTCAGTCTCAGTCCA,TGCATCTCAAGGTCTAGTGGC,270,0,42,41,1,5,0.97619,0.891304,0.931818,0,0,0,5.955095,4.631386,1.323709,2.463186,MN996532.1,"MN908947.3,MT020880.1,MT020881.1,MN988669.1,MT027063.1"
NC_045512.2:15608-15861~strand+~primerset-13,AATGATGATACTCTCTGACGATGC,TCAGTCTCAGTCCAACATTTTG,TGCATCTCAAGGTCTAGTGGC,284,13,42,41,1,5,0.97619,0.891304,0.931818,0,0,0,5.975157,1.200014,4.775143,2.463186,MN996532.1,"MN908947.3,MT020880.1,MT020881.1,MN988669.1,MT027063.1"
NC_045512.2:15608-15861~strand+~primerset-14,ACGATGCTGTTGTGTGTTTCAAT,GTCAGTCTCAGTCCAACATTTTG,TGCATCTCAAGGTCTAGTGGC,274,0,42,41,1,5,0.97619,0.891304,0.931818,0,0,0,6.053545,3.599561,2.453984,2.463186,MN996532.1,"MN908947.3,MT020880.1,MT020881.1,MN988669.1,MT027063.1"
NC_045512.2:15608-15861~strand+~primerset-15,AATGATGATACTCTCTGACGATGC,TTAGTAAGGTCAGTCTCAGTCC,TGCATCTCAAGGTCTAGTGGC,273,14,42,41,1,5,0.97619,0.891304,0.931818,0,0,0,6.19782,1.200014,4.997806,2.463186,MN996532.1,"MN908947.3,MT020880.1,MT020881.1,MN988669.1,MT027063.1"
NC_045512.2:15608-15861~strand+~primerset-16,ACGATGCTGTTGTGTGTTTCAAT,GGTCAGTCTCAGTCCAACATTTTG,TGCATCTCAAGGTCTAGTGGC,273,0,42,41,1,5,0.97619,0.891304,0.931818,0,0,0,6.292475,3.599561,2.692914,2.463186,MN996532.1,"MN908947.3,MT020880.1,MT020881.1,MN988669.1,MT027063.1"
NC_045512.2:15608-15861~strand+~primerset-17,CGATGCTGTTGTGTGTTTCAAT,TTTAGTAAGGTCAGTCTCAGTCC,TGCATCTCAAGGTCTAGTGGC,260,0,42,41,1,5,0.97619,0.891304,0.931818,0,0,0,6.296676,3.000796,3.29588,2.463186,MN996532.1,"MN908947.3,MT020880.1,MT020881.1,MN988669.1,MT027063.1"
NC_045512.2:15608-15861~strand+~primerset-19,ATACTCTCTGACGATGCTGTTGTGT,GGTCAGTCTCAGTCCAACATTTTG,TGCATCTCAAGGTCTAGTGGC,264,0,42,41,1,5,0.97619,0.891304,0.931818,0,0,0,6.459679,3.766765,2.692914,2.463186,MN996532.1,"MN908947.3,MT020880.1,MT020881.1,MN988669.1,MT027063.1"
NC_045512.2:14790-15280~strand+~primerset-1,CACTTTTCGCATATACAAAACGT,GATGAAACTGTCTATTGGTCAT,CCGTAGCTGGTGTCTCTATCT,692,0,42,41,1,5,0.97619,0.891304,0.931818,0,0,0,11.355565,3.920596,7.434969,1.087007,MN996532.1,"MN908947.3,MT020880.1,MT020881.1,MN988669.1,MT027063.1"
NC_045512.2:14790-15280~strand+~primerset-5,ACTTTTCGCATATACAAAACGT,GATGAAACTGTCTATTGGTCAT,CCGTAGCTGGTGTCTCTATCT,695,0,42,41,1,5,0.97619,0.891304,0.931818,0,0,0,13.750144,6.315175,7.434969,1.087007,MN996532.1,"MN908947.3,MT020880.1,MT020881.1,MN988669.1,MT027063.1"
NC_045512.2:14790-15280~strand+~primerset-6,CACTTTTCGCATATACAAAACG,GATGAAACTGTCTATTGGTCAT,CCGTAGCTGGTGTCTCTATCT,694,0,42,41,1,5,0.97619,0.891304,0.931818,0,0,0,14.036002,6.601033,7.434969,1.087007,MN996532.1,"MN908947.3,MT020880.1,MT020881.1,MN988669.1,MT027063.1"
NC_045512.2:14790-15280~strand+~primerset-8,GCCATTAGTGCAAAGAATAGAG,TGAGGGTTTTCTACATCACT,CCGTAGCTGGTGTCTCTATCT,675,0,42,41,1,5,0.97619,0.891304,0.931818,0,0,0,15.882581,6.120237,9.762344,1.087007,MN996532.1,"MN908947.3,MT020880.1,MT020881.1,MN988669.1,MT027063.1"
NC_045512.2:14790-15280~strand+~primerset-0,CACTTTTCGCATATACAAAACGTA,GATGAAACTGTCTATTGGTCAT,CCGTAGCTGGTGTCTCTATCT,690,0,43,41,2,5,0.953488,0.891304,0.921348,0,0,0,10.418222,2.983253,7.434969,1.087007,"MN996532.1,JX993988.1","MN908947.3,MT020880.1,MT020881.1,MN988669.1,MT027063.1"
NC_045512.2:14790-15280~strand+~primerset-2,ACTTTTCGCATATACAAAACGTA,GATGAAACTGTCTATTGGTCAT,CCGTAGCTGGTGTCTCTATCT,694,0,43,41,2,5,0.953488,0.891304,0.921348,0,0,0,12.759373,5.324404,7.434969,1.087007,"MN996532.1,JX993988.1","MN908947.3,MT020880.1,MT020881.1,MN988669.1,MT027063.1"
NC_045512.2:15882-17000~strand+~primerset-0,TACCCAGATCCATCAAGAATCCTAG,TGATTAGGATGTTTAGTAAGTGGGT,TGGTACACTTATGATTGAACGGTT,776,0,44,41,3,5,0.931818,0.891304,0.911111,0,0,0,1.725711,0.945811,0.7799,4.139416,"JF292922.1,KF514407.1,JX162087.1","MN908947.3,MT020880.1,MT020881.1,MN988669.1,MT027063.1"
NC_045512.2:15882-17000~strand+~primerset-1,TACCCAGATCCATCAAGAATCCTAG,TGATTAGGATGTTTAGTAAGTGGGTA,TGGTACACTTATGATTGAACGGTT,776,0,44,41,3,5,0.931818,0.891304,0.911111,0,0,0,2.829497,0.945811,1.883686,4.139416,"KF514407.1,JX162087.1,JF292922.1","MN908947.3,MT020880.1,MT020881.1,MN988669.1,MT027063.1"
NC_045512.2:15882-17000~strand+~primerset-2,ACCCAGATCCATCAAGAATCCTAG,TGATTAGGATGTTTAGTAAGTGGGT,TGGTACACTTATGATTGAACGGTT,475,0,44,41,3,5,0.931818,0.891304,0.911111,0,0,0,2.907428,2.127528,0.7799,4.139416,"KF514407.1,JX162087.1,JF292922.1","MN908947.3,MT020880.1,MT020881.1,MN988669.1,MT027063.1"
NC_045512.2:15882-17000~strand+~primerset-3,TACCCAGATCCATCAAGAATCCTAG,CTGATTAGGATGTTTAGTAAGTGGGTA,TGGTACACTTATGATTGAACGGTT,776,0,44,41,3,5,0.931818,0.891304,0.911111,0,0,0,2.962697,0.945811,2.016886,4.139416,"KF514407.1,JX162087.1,JF292922.1","MN908947.3,MT020880.1,MT020881.1,MN988669.1,MT027063.1"
NC_045512.2:15882-17000~strand+~primerset-4,TTACCCAGATCCATCAAGAATCCTAG,TGATTAGGATGTTTAGTAAGTGGGT,TGGTACACTTATGATTGAACGGTT,775,0,44,41,3,5,0.931818,0.891304,0.911111,0,0,0,3.241671,2.461771,0.7799,4.139416,"KF514407.1,JX162087.1,JF292922.1","MN908947.3,MT020880.1,MT020881.1,MN988669.1,MT027063.1"
NC_045512.2:15882-17000~strand+~primerset-5,CCCAGATCCATCAAGAATCCTAG,TGATTAGGATGTTTAGTAAGTGGGT,TGGTACACTTATGATTGAACGGTT,499,0,44,41,3,5,0.931818,0.891304,0.911111,0,0,0,3.25142,2.47152,0.7799,4.139416,"JX162087.1,JF292922.1,KF514407.1","MN908947.3,MT020880.1,MT020881.1,MN988669.1,MT027063.1"
NC_045512.2:15882-17000~strand+~primerset-6,ACCCAGATCCATCAAGAATCCTAG,CTGATTAGGATGTTTAGTAAGTGGGT,TGGTACACTTATGATTGAACGGTT,475,0,44,41,3,5,0.931818,0.891304,0.911111,0,0,0,3.276648,2.127528,1.14912,4.139416,"JX162087.1,JF292922.1,KF514407.1","MN908947.3,MT020880.1,MT020881.1,MN988669.1,MT027063.1"
NC_045512.2:15882-17000~strand+~primerset-7,CCCAGATCCATCAAGAATCCTAG,CTGATTAGGATGTTTAGTAAGTGGGT,TGGTACACTTATGATTGAACGGTT,499,0,44,41,3,5,0.931818,0.891304,0.911111,0,0,0,3.62064,2.47152,1.14912,4.139416,"JX162087.1,JF292922.1,KF514407.1","MN908947.3,MT020880.1,MT020881.1,MN988669.1,MT027063.1"
NC_045512.2:15882-17000~strand+~primerset-8,ACCCAGATCCATCAAGAATCCTAG,TGATTAGGATGTTTAGTAAGTGGGTA,TGGTACACTTATGATTGAACGGTT,475,0,44,41,3,5,0.931818,0.891304,0.911111,0,0,0,4.011214,2.127528,1.883686,4.139416,"KF514407.1,JX162087.1,JF292922.1","MN908947.3,MT020880.1,MT020881.1,MN988669.1,MT027063.1"
NC_045512.2:15882-17000~strand+~primerset-9,ACCCAGATCCATCAAGAATCCTAG,CTGATTAGGATGTTTAGTAAGTGGGTA,TGGTACACTTATGATTGAACGGTT,475,0,44,41,3,5,0.931818,0.891304,0.911111,0,0,0,4.144414,2.127528,2.016886,4.139416,"KF514407.1,JX162087.1,JF292922.1","MN908947.3,MT020880.1,MT020881.1,MN988669.1,MT027063.1"
NC_045512.2:15882-17000~strand+~primerset-10,TTACCCAGATCCATCAAGAATCCTAG,TGATTAGGATGTTTAGTAAGTGGGTA,TGGTACACTTATGATTGAACGGTT,775,0,44,41,3,5,0.931818,0.891304,0.911111,0,0,0,4.345458,2.461771,1.883686,4.139416,"KF514407.1,JX162087.1,JF292922.1","MN908947.3,MT020880.1,MT020881.1,MN988669.1,MT027063.1"
NC_045512.2:15882-17000~strand+~primerset-11,CCCAGATCCATCAAGAATCCTAG,TGATTAGGATGTTTAGTAAGTGGGTA,TGGTACACTTATGATTGAACGGTT,499,0,44,41,3,5,0.931818,0.891304,0.911111,0,0,0,4.355207,2.47152,1.883686,4.139416,"JX162087.1,JF292922.1,KF514407.1","MN908947.3,MT020880.1,MT020881.1,MN988669.1,MT027063.1"
NC_045512.2:15882-17000~strand+~primerset-12,TTACCCAGATCCATCAAGAATCCTAG,CTGATTAGGATGTTTAGTAAGTGGGTA,TGGTACACTTATGATTGAACGGTT,775,0,44,41,3,5,0.931818,0.891304,0.911111,0,0,0,4.478657,2.461771,2.016886,4.139416,"JX162087.1,JF292922.1,KF514407.1","MN908947.3,MT020880.1,MT020881.1,MN988669.1,MT027063.1"
NC_045512.2:15882-17000~strand+~primerset-13,CCCAGATCCATCAAGAATCCTAG,CTGATTAGGATGTTTAGTAAGTGGGTA,TGGTACACTTATGATTGAACGGTT,499,0,44,41,3,5,0.931818,0.891304,0.911111,0,0,0,4.488406,2.47152,2.016886,4.139416,"JX162087.1,JF292922.1,KF514407.1","MN908947.3,MT020880.1,MT020881.1,MN988669.1,MT027063.1"
NC_045512.2:15325-15597~strand+~primerset-4,CTCACTTGTTCTTGCTCG,TGACCATTTCACTCAATACTTG,TGTTGTAGCTTGTCACACCG,311,1,44,41,3,5,0.931818,0.891304,0.911111,0,0,0,18.93714,11.983931,6.953209,0.04502,"KU182964.1,KJ473811.1,KY938558.1","MN908947.3,MT020880.1,MT020881.1,MN988669.1,MT027063.1"
NC_045512.2:14790-15280~strand+~primerset-3,GCCATTAGTGCAAAGAATAGAG,TTTGCTTGTTCCAATTACTACA,CCGTAGCTGGTGTCTCTATCT,657,2,51,41,10,5,0.803922,0.891304,0.845361,0,0,0,13.241653,6.120237,7.121416,1.087007,"MN996532.1,KY770860.1,DQ412042.1,KJ473813.1,DQ648856.1,JX993988.1,KJ473812.1,DQ412043.1,KJ473814.1,DQ648857.1","MN908947.3,MT020880.1,MT020881.1,MN988669.1,MT027063.1"
NC_045512.2:14790-15280~strand+~primerset-7,GCCATTAGTGCAAAGAATAGAG,TTGCTTGTTCCAATTACTACA,CCGTAGCTGGTGTCTCTATCT,606,1,51,41,10,5,0.803922,0.891304,0.845361,0,0,0,15.11066,6.120237,8.990423,1.087007,"KJ473812.1,DQ412043.1,KJ473814.1,DQ648857.1,DQ412042.1,MN996532.1,KY770860.1,KJ473813.1,DQ648856.1,JX993988.1","MN908947.3,MT020880.1,MT020881.1,MN988669.1,MT027063.1"
NC_045512.2:15882-17000~strand+~primerset-16,ACCCAGATCCATCAAGAATCC,TGATTAGGATGTTTAGTAAGTGGGT,TGGTACACTTATGATTGAACGGTT,713,24,239,41,198,5,0.171548,0.891304,0.287719,0,0,0,5.959552,5.179652,0.7799,4.139416,"JF292903.1,AY394995.1,FJ882945.1,AY545915.1,AY572035.1,AY463059.1,JX163924.1,AY283798.2,FJ882932.1,AY559095.1,AY502926.1,EU371559.1,AY559082.1,AY345986.1,AY394987.1,FJ882937.1,AY613949.1,AY559087.1,FJ882963.1,AY686864.1,AY394979.1,FJ882950.1,FJ882929.1,AP006561.1,AY291451.1,AY350750.1,HQ890526.1,JQ316196.1,AY502931.1,FJ882955.1,EU371564.1,AY485277.1,AY282752.2,AY394992.1,FJ882942.1,MK062182.1,AY283795.1,AY559092.1,JF292905.1,AY502923.1,FJ882947.1,AY545917.1,AY351680.1,AP006558.1,AY278490.3,AY461660.1,JN854286.1,JX163926.1,FJ882934.1,AY559097.1,HQ890531.1,AY502928.1,KF514407.1,AY559084.1,AY321118.1,FJ959407.1,AY345988.1,AY394989.1,AY274119.3,FJ882939.1,GU553363.1,AY864805.1,FJ882960.1,MK062179.1,AY304495.1,AY772062.1,AY559089.1,FJ882926.1,AY278487.3,FJ882952.1,EU371561.1,AY323977.2,JF292915.1,FJ882957.1,AY394994.1,AY394850.2,FJ882944.1,AY515512.1,AY545914.1,HQ890541.1,MK062184.1,AY572034.1,AY595412.1,JX163923.1,AY283797.1,FJ882931.1,AY559094.1,AY395003.1,AY362699.1,AY394999.1,FJ882949.1,AY545919.1,AY654624.1,AY559081.1,AY338175.1,AY394986.1,JX163928.1,FJ882936.1,DQ497008.1,AY613948.1,DQ648857.1,AY559086.1,GU553365.1,FJ882962.1,AY686863.1,HQ890538.1,AY357076.1,AY394978.1,FJ882928.1,AP006560.1,AY278489.2,AY502930.1,FJ882954.1,EU371563.1,AY394991.1,FJ882941.1,MK062181.1,FJ882959.1,AY283794.1,AY559091.1,AY395000.1,AY394996.1,AY297028.1,AY545916.1,AP006557.1,AY394983.1,JX163925.1,FJ882933.1,AY559096.1,JF292909.1,AY502927.1,JX162087.1,AY714217.1,AY559083.1,AY313906.1,FJ882938.1,AY279354.2,HQ890535.1,AY568539.1,AY559088.1,AY463060.1,JF292922.1,FJ882951.1,EU371560.1,AY304486.1,AY613950.1,AY502932.1,FJ882956.1,AY485278.1,AY394993.1,FJ882943.1,MK062183.1,AY348314.1,AY283796.1,FJ882930.1,AY559093.1,AY395002.1,JF292906.1,AY394998.1,AY502924.1,FJ882948.1,AY545918.1,AY572038.1,AP006559.1,AY278491.2,AY338174.1,AY394985.1,JX163927.1,FJ882935.1,AY427439.1,AY613947.1,AY390556.1,HQ890532.1,AY502929.1,AY559085.1,DQ640652.1,AY864806.1,FJ882961.1,AY357075.1,DQ182595.1,AY278741.1,FJ882927.1,DQ898174.1,AY278488.2,FJ882953.1,EU371562.1,JX993988.1,HQ890529.1,AY394990.1,AY304488.1,FJ882940.1,AB257344.1,MK062180.1,FJ882958.1,AY278554.2,AY310120.1,AY559090.1,AY291315.1","MN908947.3,MT020880.1,MT020881.1,MN988669.1,MT027063.1"
NC_045512.2:15882-17000~strand+~primerset-18,ACCCAGATCCATCAAGAATCC,CTGATTAGGATGTTTAGTAAGTGGGT,TGGTACACTTATGATTGAACGGTT,713,24,239,41,198,5,0.171548,0.891304,0.287719,0,0,0,6.328772,5.179652,1.14912,4.139416,"AY345988.1,AY394989.1,AY274119.3,FJ882939.1,GU553363.1,AY864805.1,FJ882960.1,MK062179.1,AY304495.1,AY772062.1,FJ882926.1,AY559089.1,AY278487.3,FJ882952.1,EU371561.1,AY323977.2,JF292915.1,FJ882957.1,AY394994.1,AY394850.2,FJ882944.1,AY515512.1,AY545914.1,HQ890541.1,MK062184.1,AY572034.1,AY559094.1,AY595412.1,JX163923.1,AY283797.1,FJ882931.1,AY395003.1,AY394999.1,AY362699.1,FJ882949.1,AY545919.1,AY654624.1,AY559081.1,AY338175.1,AY394986.1,JX163928.1,FJ882936.1,DQ497008.1,AY613948.1,DQ648857.1,AY559086.1,GU553365.1,FJ882962.1,AY686863.1,HQ890538.1,AY357076.1,AY394978.1,FJ882928.1,AP006560.1,AY278489.2,AY502930.1,FJ882954.1,EU371563.1,AY394991.1,FJ882941.1,MK062181.1,AY559091.1,FJ882959.1,AY283794.1,AY395000.1,AY394996.1,AY297028.1,AY545916.1,AP006557.1,AY559096.1,AY394983.1,JX163925.1,FJ882933.1,JF292909.1,AY502927.1,JX162087.1,AY714217.1,AY559083.1,AY313906.1,FJ882938.1,AY279354.2,AY568539.1,HQ890535.1,AY559088.1,AY463060.1,JF292922.1,FJ882951.1,EU371560.1,AY304486.1,AY613950.1,AY502932.1,FJ882956.1,AY485278.1,AY394993.1,FJ882943.1,MK062183.1,AY348314.1,AY559093.1,AY283796.1,FJ882930.1,AY395002.1,AY394998.1,JF292906.1,AY502924.1,FJ882948.1,AY545918.1,AY572038.1,AP006559.1,AY278491.2,AY338174.1,AY394985.1,JX163927.1,FJ882935.1,AY427439.1,AY613947.1,AY390556.1,HQ890532.1,AY502929.1,AY559085.1,DQ640652.1,AY864806.1,FJ882961.1,AY357075.1,DQ182595.1,FJ882927.1,AY278741.1,DQ898174.1,AY278488.2,JX993988.1,FJ882953.1,EU371562.1,AY394990.1,AY304488.1,HQ890529.1,FJ882940.1,AB257344.1,MK062180.1,FJ882958.1,AY278554.2,AY310120.1,AY291315.1,AY559090.1,AY394995.1,JF292903.1,FJ882945.1,AY545915.1,AY572035.1,AY463059.1,AY559095.1,JX163924.1,AY283798.2,FJ882932.1,AY502926.1,EU371559.1,AY559082.1,AY345986.1,AY394987.1,FJ882937.1,AY613949.1,AY559087.1,FJ882963.1,AY686864.1,AY394979.1,FJ882929.1,FJ882950.1,AY291451.1,AY350750.1,AP006561.1,HQ890526.1,JQ316196.1,AY502931.1,FJ882955.1,EU371564.1,AY485277.1,AY282752.2,AY394992.1,FJ882942.1,MK062182.1,AY559092.1,AY283795.1,JF292905.1,AY502923.1,FJ882947.1,AY545917.1,AY351680.1,AP006558.1,AY278490.3,JN854286.1,AY461660.1,AY559097.1,JX163926.1,FJ882934.1,HQ890531.1,AY502928.1,FJ959407.1,KF514407.1,AY559084.1,AY321118.1","MN908947.3,MT020880.1,MT020881.1,MN988669.1,MT027063.1"
NC_045512.2:14790-15280~strand+~primerset-4,GCCATTAGTGCAAAGAATAGAG,GATGAAACTGTCTATTGGTCAT,CCGTAGCTGGTGTCTCTATCT,965,15,281,41,240,5,0.145907,0.891304,0.250765,0,0,0,13.555206,6.120237,7.434969,1.087007,"MK211378.1,AY313906.1,FJ882938.1,AY279354.2,KF569996.1,AY568539.1,HQ890535.1,AY559088.1,AY463060.1,KJ473813.1,JF292922.1,DQ071615.1,GU190215.1,FJ882951.1,EU371560.1,KY938558.1,AY304486.1,AY613950.1,AY502932.1,FJ882956.1,AY485278.1,KY417145.1,AY394993.1,FJ882943.1,MK062183.1,AY348314.1,AY559093.1,AY283796.1,FJ882930.1,AY395002.1,AY394998.1,JF292906.1,AY502924.1,FJ882948.1,AY572038.1,AY545918.1,AP006559.1,AY278491.2,MK211375.1,AY338174.1,AY394985.1,JX163927.1,FJ882935.1,AY427439.1,AY613947.1,AY390556.1,HQ890532.1,AY502929.1,DQ648856.1,AY559085.1,KY770859.1,DQ640652.1,KP886808.1,FJ882961.1,AY864806.1,KY417150.1,KC881006.1,AY357075.1,DQ182595.1,FJ882927.1,AY278741.1,FJ588686.1,KJ473815.1,DQ898174.1,AY278488.2,JX993988.1,FJ882953.1,EU371562.1,KY417142.1,AY394990.1,AY304488.1,HQ890529.1,FJ882940.1,AB257344.1,MK062180.1,AY559090.1,FJ882958.1,AY278554.2,AY310120.1,AY291315.1,KY417147.1,AY394995.1,JF292903.1,FJ882945.1,AY545915.1,AY572035.1,AY463059.1,AY559095.1,JX163924.1,AY283798.2,FJ882932.1,AY502926.1,EU371559.1,KT444582.1,AY559082.1,MK211377.1,AY345986.1,AY394987.1,FJ882937.1,AY613949.1,AY559087.1,KJ473812.1,FJ882963.1,KF367457.1,AY686864.1,KY417152.1,AY394979.1,FJ882929.1,FJ882950.1,AY291451.1,AY350750.1,AP006561.1,HQ890526.1,JQ316196.1,AY502931.1,FJ882955.1,EU371564.1,GQ153547.1,DQ412043.1,AY485277.1,AY394992.1,AY282752.2,KY417144.1,FJ882942.1,MK062182.1,AY559092.1,AY283795.1,KY417149.1,JF292905.1,AY502923.1,FJ882947.1,AY545917.1,AY351680.1,AP006558.1,AY278490.3,JN854286.1,AY461660.1,AY559097.1,JX163926.1,FJ882934.1,HQ890531.1,AY502928.1,FJ959407.1,KF514407.1,AY559084.1,KY770858.1,AY321118.1,AY345988.1,AY394989.1,AY274119.3,FJ882939.1,GU553363.1,AY864805.1,FJ882960.1,MK062179.1,AY304495.1,KC881005.1,AY772062.1,FJ882926.1,AY559089.1,KJ473814.1,KU182964.1,AY278487.3,FJ882952.1,EU371561.1,AY323977.2,JF292915.1,FJ882957.1,AY394994.1,KY417146.1,AY394850.2,FJ882944.1,AY515512.1,AY545914.1,HQ890541.1,MK062184.1,AY572034.1,AY559094.1,AY595412.1,JX163923.1,AY283797.1,FJ882931.1,AY395003.1,AY394999.1,AY362699.1,FJ882949.1,AY545919.1,AY654624.1,AY559081.1,MK211376.1,AY338175.1,AY394986.1,JX163928.1,FJ882936.1,DQ497008.1,AY613948.1,DQ648857.1,AY559086.1,KJ473811.1,KP886809.1,GU553365.1,FJ882962.1,AY686863.1,KY417151.1,HQ890538.1,AY357076.1,AY394978.1,FJ882928.1,KJ473816.1,AP006560.1,AY278489.2,AY502930.1,FJ882954.1,EU371563.1,MN996532.1,KY770860.1,KY417143.1,AY394991.1,DQ412042.1,FJ882941.1,MK062181.1,AY559091.1,FJ882959.1,AY283794.1,AY395000.1,AY394996.1,KY417148.1,AY297028.1,AY545916.1,MG772934.1,AP006557.1,AY559096.1,AY394983.1,JX163925.1,FJ882933.1,JF292909.1,AY502927.1,JX162087.1,AY714217.1,AY559083.1","MN908947.3,MT020880.1,MT020881.1,MN988669.1,MT027063.1"
